<?xml version="1.0" encoding="UTF-8"?>
<root>
  <item name="com.baseflow.permissionhandler.PermissionManager int checkBluetoothPermissionStatus()">
    <annotation name="androidx.annotation.IntDef">
      <val name="value" val="{com.baseflow.permissionhandler.PermissionConstants.PERMISSION_STATUS_DENIED, com.baseflow.permissionhandler.PermissionConstants.PERMISSION_STATUS_GRANTED, com.baseflow.permissionhandler.PermissionConstants.PERMISSION_STATUS_RESTRICTED, com.baseflow.permissionhandler.PermissionConstants.PERMISSION_STATUS_LIMITED, com.baseflow.permissionhandler.PermissionConstants.PERMISSION_STATUS_NEVER_ASK_AGAIN}" />
    </annotation>
  </item>
  <item name="com.baseflow.permissionhandler.PermissionManager int checkNotificationPermissionStatus()">
    <annotation name="androidx.annotation.IntDef">
      <val name="value" val="{com.baseflow.permissionhandler.PermissionConstants.PERMISSION_STATUS_DENIED, com.baseflow.permissionhandler.PermissionConstants.PERMISSION_STATUS_GRANTED, com.baseflow.permissionhandler.PermissionConstants.PERMISSION_STATUS_RESTRICTED, com.baseflow.permissionhandler.PermissionConstants.PERMISSION_STATUS_LIMITED, com.baseflow.permissionhandler.PermissionConstants.PERMISSION_STATUS_NEVER_ASK_AGAIN}" />
    </annotation>
  </item>
  <item name="com.baseflow.permissionhandler.PermissionManager int determinePermissionStatus(int)">
    <annotation name="androidx.annotation.IntDef">
      <val name="value" val="{com.baseflow.permissionhandler.PermissionConstants.PERMISSION_STATUS_DENIED, com.baseflow.permissionhandler.PermissionConstants.PERMISSION_STATUS_GRANTED, com.baseflow.permissionhandler.PermissionConstants.PERMISSION_STATUS_RESTRICTED, com.baseflow.permissionhandler.PermissionConstants.PERMISSION_STATUS_LIMITED, com.baseflow.permissionhandler.PermissionConstants.PERMISSION_STATUS_NEVER_ASK_AGAIN}" />
    </annotation>
  </item>
  <item name="com.baseflow.permissionhandler.PermissionManager int determinePermissionStatus(int) 0">
    <annotation name="androidx.annotation.IntDef">
      <val name="value" val="{com.baseflow.permissionhandler.PermissionConstants.PERMISSION_GROUP_CALENDAR, com.baseflow.permissionhandler.PermissionConstants.PERMISSION_GROUP_CAMERA, com.baseflow.permissionhandler.PermissionConstants.PERMISSION_GROUP_CONTACTS, com.baseflow.permissionhandler.PermissionConstants.PERMISSION_GROUP_LOCATION, com.baseflow.permissionhandler.PermissionConstants.PERMISSION_GROUP_LOCATION_ALWAYS, com.baseflow.permissionhandler.PermissionConstants.PERMISSION_GROUP_LOCATION_WHEN_IN_USE, com.baseflow.permissionhandler.PermissionConstants.PERMISSION_GROUP_MEDIA_LIBRARY, com.baseflow.permissionhandler.PermissionConstants.PERMISSION_GROUP_MICROPHONE, com.baseflow.permissionhandler.PermissionConstants.PERMISSION_GROUP_PHONE, com.baseflow.permissionhandler.PermissionConstants.PERMISSION_GROUP_PHOTOS, com.baseflow.permissionhandler.PermissionConstants.PERMISSION_GROUP_REMINDERS, com.baseflow.permissionhandler.PermissionConstants.PERMISSION_GROUP_SENSORS, com.baseflow.permissionhandler.PermissionConstants.PERMISSION_GROUP_SENSORS_ALWAYS, com.baseflow.permissionhandler.PermissionConstants.PERMISSION_GROUP_SMS, com.baseflow.permissionhandler.PermissionConstants.PERMISSION_GROUP_SPEECH, com.baseflow.permissionhandler.PermissionConstants.PERMISSION_GROUP_STORAGE, com.baseflow.permissionhandler.PermissionConstants.PERMISSION_GROUP_IGNORE_BATTERY_OPTIMIZATIONS, com.baseflow.permissionhandler.PermissionConstants.PERMISSION_GROUP_NOTIFICATION, com.baseflow.permissionhandler.PermissionConstants.PERMISSION_GROUP_ACCESS_MEDIA_LOCATION, com.baseflow.permissionhandler.PermissionConstants.PERMISSION_GROUP_ACTIVITY_RECOGNITION, com.baseflow.permissionhandler.PermissionConstants.PERMISSION_GROUP_UNKNOWN, com.baseflow.permissionhandler.PermissionConstants.PERMISSION_GROUP_BLUETOOTH, com.baseflow.permissionhandler.PermissionConstants.PERMISSION_GROUP_MANAGE_EXTERNAL_STORAGE, com.baseflow.permissionhandler.PermissionConstants.PERMISSION_GROUP_SYSTEM_ALERT_WINDOW, com.baseflow.permissionhandler.PermissionConstants.PERMISSION_GROUP_REQUEST_INSTALL_PACKAGES, com.baseflow.permissionhandler.PermissionConstants.PERMISSION_GROUP_ACCESS_NOTIFICATION_POLICY, com.baseflow.permissionhandler.PermissionConstants.PERMISSION_GROUP_BLUETOOTH_SCAN, com.baseflow.permissionhandler.PermissionConstants.PERMISSION_GROUP_BLUETOOTH_ADVERTISE, com.baseflow.permissionhandler.PermissionConstants.PERMISSION_GROUP_BLUETOOTH_CONNECT, com.baseflow.permissionhandler.PermissionConstants.PERMISSION_GROUP_NEARBY_WIFI_DEVICES, com.baseflow.permissionhandler.PermissionConstants.PERMISSION_GROUP_VIDEOS, com.baseflow.permissionhandler.PermissionConstants.PERMISSION_GROUP_AUDIO, com.baseflow.permissionhandler.PermissionConstants.PERMISSION_GROUP_SCHEDULE_EXACT_ALARM}" />
    </annotation>
  </item>
  <item name="com.baseflow.permissionhandler.PermissionManager void checkPermissionStatus(int, com.baseflow.permissionhandler.PermissionManager.CheckPermissionsSuccessCallback) 0">
    <annotation name="androidx.annotation.IntDef">
      <val name="value" val="{com.baseflow.permissionhandler.PermissionConstants.PERMISSION_GROUP_CALENDAR, com.baseflow.permissionhandler.PermissionConstants.PERMISSION_GROUP_CAMERA, com.baseflow.permissionhandler.PermissionConstants.PERMISSION_GROUP_CONTACTS, com.baseflow.permissionhandler.PermissionConstants.PERMISSION_GROUP_LOCATION, com.baseflow.permissionhandler.PermissionConstants.PERMISSION_GROUP_LOCATION_ALWAYS, com.baseflow.permissionhandler.PermissionConstants.PERMISSION_GROUP_LOCATION_WHEN_IN_USE, com.baseflow.permissionhandler.PermissionConstants.PERMISSION_GROUP_MEDIA_LIBRARY, com.baseflow.permissionhandler.PermissionConstants.PERMISSION_GROUP_MICROPHONE, com.baseflow.permissionhandler.PermissionConstants.PERMISSION_GROUP_PHONE, com.baseflow.permissionhandler.PermissionConstants.PERMISSION_GROUP_PHOTOS, com.baseflow.permissionhandler.PermissionConstants.PERMISSION_GROUP_REMINDERS, com.baseflow.permissionhandler.PermissionConstants.PERMISSION_GROUP_SENSORS, com.baseflow.permissionhandler.PermissionConstants.PERMISSION_GROUP_SENSORS_ALWAYS, com.baseflow.permissionhandler.PermissionConstants.PERMISSION_GROUP_SMS, com.baseflow.permissionhandler.PermissionConstants.PERMISSION_GROUP_SPEECH, com.baseflow.permissionhandler.PermissionConstants.PERMISSION_GROUP_STORAGE, com.baseflow.permissionhandler.PermissionConstants.PERMISSION_GROUP_IGNORE_BATTERY_OPTIMIZATIONS, com.baseflow.permissionhandler.PermissionConstants.PERMISSION_GROUP_NOTIFICATION, com.baseflow.permissionhandler.PermissionConstants.PERMISSION_GROUP_ACCESS_MEDIA_LOCATION, com.baseflow.permissionhandler.PermissionConstants.PERMISSION_GROUP_ACTIVITY_RECOGNITION, com.baseflow.permissionhandler.PermissionConstants.PERMISSION_GROUP_UNKNOWN, com.baseflow.permissionhandler.PermissionConstants.PERMISSION_GROUP_BLUETOOTH, com.baseflow.permissionhandler.PermissionConstants.PERMISSION_GROUP_MANAGE_EXTERNAL_STORAGE, com.baseflow.permissionhandler.PermissionConstants.PERMISSION_GROUP_SYSTEM_ALERT_WINDOW, com.baseflow.permissionhandler.PermissionConstants.PERMISSION_GROUP_REQUEST_INSTALL_PACKAGES, com.baseflow.permissionhandler.PermissionConstants.PERMISSION_GROUP_ACCESS_NOTIFICATION_POLICY, com.baseflow.permissionhandler.PermissionConstants.PERMISSION_GROUP_BLUETOOTH_SCAN, com.baseflow.permissionhandler.PermissionConstants.PERMISSION_GROUP_BLUETOOTH_ADVERTISE, com.baseflow.permissionhandler.PermissionConstants.PERMISSION_GROUP_BLUETOOTH_CONNECT, com.baseflow.permissionhandler.PermissionConstants.PERMISSION_GROUP_NEARBY_WIFI_DEVICES, com.baseflow.permissionhandler.PermissionConstants.PERMISSION_GROUP_VIDEOS, com.baseflow.permissionhandler.PermissionConstants.PERMISSION_GROUP_AUDIO, com.baseflow.permissionhandler.PermissionConstants.PERMISSION_GROUP_SCHEDULE_EXACT_ALARM}" />
    </annotation>
  </item>
  <item name="com.baseflow.permissionhandler.PermissionManager.CheckPermissionsSuccessCallback void onSuccess(int) 0">
    <annotation name="androidx.annotation.IntDef">
      <val name="value" val="{com.baseflow.permissionhandler.PermissionConstants.PERMISSION_STATUS_DENIED, com.baseflow.permissionhandler.PermissionConstants.PERMISSION_STATUS_GRANTED, com.baseflow.permissionhandler.PermissionConstants.PERMISSION_STATUS_RESTRICTED, com.baseflow.permissionhandler.PermissionConstants.PERMISSION_STATUS_LIMITED, com.baseflow.permissionhandler.PermissionConstants.PERMISSION_STATUS_NEVER_ASK_AGAIN}" />
    </annotation>
  </item>
  <item name="com.baseflow.permissionhandler.PermissionUtils int determineDeniedVariant(android.app.Activity, java.lang.String)">
    <annotation name="androidx.annotation.IntDef">
      <val name="value" val="{com.baseflow.permissionhandler.PermissionConstants.PERMISSION_STATUS_DENIED, com.baseflow.permissionhandler.PermissionConstants.PERMISSION_STATUS_GRANTED, com.baseflow.permissionhandler.PermissionConstants.PERMISSION_STATUS_RESTRICTED, com.baseflow.permissionhandler.PermissionConstants.PERMISSION_STATUS_LIMITED, com.baseflow.permissionhandler.PermissionConstants.PERMISSION_STATUS_NEVER_ASK_AGAIN}" />
    </annotation>
  </item>
  <item name="com.baseflow.permissionhandler.PermissionUtils int parseManifestName(java.lang.String)">
    <annotation name="androidx.annotation.IntDef">
      <val name="value" val="{com.baseflow.permissionhandler.PermissionConstants.PERMISSION_GROUP_CALENDAR, com.baseflow.permissionhandler.PermissionConstants.PERMISSION_GROUP_CAMERA, com.baseflow.permissionhandler.PermissionConstants.PERMISSION_GROUP_CONTACTS, com.baseflow.permissionhandler.PermissionConstants.PERMISSION_GROUP_LOCATION, com.baseflow.permissionhandler.PermissionConstants.PERMISSION_GROUP_LOCATION_ALWAYS, com.baseflow.permissionhandler.PermissionConstants.PERMISSION_GROUP_LOCATION_WHEN_IN_USE, com.baseflow.permissionhandler.PermissionConstants.PERMISSION_GROUP_MEDIA_LIBRARY, com.baseflow.permissionhandler.PermissionConstants.PERMISSION_GROUP_MICROPHONE, com.baseflow.permissionhandler.PermissionConstants.PERMISSION_GROUP_PHONE, com.baseflow.permissionhandler.PermissionConstants.PERMISSION_GROUP_PHOTOS, com.baseflow.permissionhandler.PermissionConstants.PERMISSION_GROUP_REMINDERS, com.baseflow.permissionhandler.PermissionConstants.PERMISSION_GROUP_SENSORS, com.baseflow.permissionhandler.PermissionConstants.PERMISSION_GROUP_SENSORS_ALWAYS, com.baseflow.permissionhandler.PermissionConstants.PERMISSION_GROUP_SMS, com.baseflow.permissionhandler.PermissionConstants.PERMISSION_GROUP_SPEECH, com.baseflow.permissionhandler.PermissionConstants.PERMISSION_GROUP_STORAGE, com.baseflow.permissionhandler.PermissionConstants.PERMISSION_GROUP_IGNORE_BATTERY_OPTIMIZATIONS, com.baseflow.permissionhandler.PermissionConstants.PERMISSION_GROUP_NOTIFICATION, com.baseflow.permissionhandler.PermissionConstants.PERMISSION_GROUP_ACCESS_MEDIA_LOCATION, com.baseflow.permissionhandler.PermissionConstants.PERMISSION_GROUP_ACTIVITY_RECOGNITION, com.baseflow.permissionhandler.PermissionConstants.PERMISSION_GROUP_UNKNOWN, com.baseflow.permissionhandler.PermissionConstants.PERMISSION_GROUP_BLUETOOTH, com.baseflow.permissionhandler.PermissionConstants.PERMISSION_GROUP_MANAGE_EXTERNAL_STORAGE, com.baseflow.permissionhandler.PermissionConstants.PERMISSION_GROUP_SYSTEM_ALERT_WINDOW, com.baseflow.permissionhandler.PermissionConstants.PERMISSION_GROUP_REQUEST_INSTALL_PACKAGES, com.baseflow.permissionhandler.PermissionConstants.PERMISSION_GROUP_ACCESS_NOTIFICATION_POLICY, com.baseflow.permissionhandler.PermissionConstants.PERMISSION_GROUP_BLUETOOTH_SCAN, com.baseflow.permissionhandler.PermissionConstants.PERMISSION_GROUP_BLUETOOTH_ADVERTISE, com.baseflow.permissionhandler.PermissionConstants.PERMISSION_GROUP_BLUETOOTH_CONNECT, com.baseflow.permissionhandler.PermissionConstants.PERMISSION_GROUP_NEARBY_WIFI_DEVICES, com.baseflow.permissionhandler.PermissionConstants.PERMISSION_GROUP_VIDEOS, com.baseflow.permissionhandler.PermissionConstants.PERMISSION_GROUP_AUDIO, com.baseflow.permissionhandler.PermissionConstants.PERMISSION_GROUP_SCHEDULE_EXACT_ALARM}" />
    </annotation>
  </item>
  <item name="com.baseflow.permissionhandler.PermissionUtils int toPermissionStatus(android.app.Activity, java.lang.String, int)">
    <annotation name="androidx.annotation.IntDef">
      <val name="value" val="{com.baseflow.permissionhandler.PermissionConstants.PERMISSION_STATUS_DENIED, com.baseflow.permissionhandler.PermissionConstants.PERMISSION_STATUS_GRANTED, com.baseflow.permissionhandler.PermissionConstants.PERMISSION_STATUS_RESTRICTED, com.baseflow.permissionhandler.PermissionConstants.PERMISSION_STATUS_LIMITED, com.baseflow.permissionhandler.PermissionConstants.PERMISSION_STATUS_NEVER_ASK_AGAIN}" />
    </annotation>
  </item>
  <item name="com.baseflow.permissionhandler.PermissionUtils java.util.List&lt;java.lang.String&gt; getManifestNames(android.content.Context, int) 1">
    <annotation name="androidx.annotation.IntDef">
      <val name="value" val="{com.baseflow.permissionhandler.PermissionConstants.PERMISSION_GROUP_CALENDAR, com.baseflow.permissionhandler.PermissionConstants.PERMISSION_GROUP_CAMERA, com.baseflow.permissionhandler.PermissionConstants.PERMISSION_GROUP_CONTACTS, com.baseflow.permissionhandler.PermissionConstants.PERMISSION_GROUP_LOCATION, com.baseflow.permissionhandler.PermissionConstants.PERMISSION_GROUP_LOCATION_ALWAYS, com.baseflow.permissionhandler.PermissionConstants.PERMISSION_GROUP_LOCATION_WHEN_IN_USE, com.baseflow.permissionhandler.PermissionConstants.PERMISSION_GROUP_MEDIA_LIBRARY, com.baseflow.permissionhandler.PermissionConstants.PERMISSION_GROUP_MICROPHONE, com.baseflow.permissionhandler.PermissionConstants.PERMISSION_GROUP_PHONE, com.baseflow.permissionhandler.PermissionConstants.PERMISSION_GROUP_PHOTOS, com.baseflow.permissionhandler.PermissionConstants.PERMISSION_GROUP_REMINDERS, com.baseflow.permissionhandler.PermissionConstants.PERMISSION_GROUP_SENSORS, com.baseflow.permissionhandler.PermissionConstants.PERMISSION_GROUP_SENSORS_ALWAYS, com.baseflow.permissionhandler.PermissionConstants.PERMISSION_GROUP_SMS, com.baseflow.permissionhandler.PermissionConstants.PERMISSION_GROUP_SPEECH, com.baseflow.permissionhandler.PermissionConstants.PERMISSION_GROUP_STORAGE, com.baseflow.permissionhandler.PermissionConstants.PERMISSION_GROUP_IGNORE_BATTERY_OPTIMIZATIONS, com.baseflow.permissionhandler.PermissionConstants.PERMISSION_GROUP_NOTIFICATION, com.baseflow.permissionhandler.PermissionConstants.PERMISSION_GROUP_ACCESS_MEDIA_LOCATION, com.baseflow.permissionhandler.PermissionConstants.PERMISSION_GROUP_ACTIVITY_RECOGNITION, com.baseflow.permissionhandler.PermissionConstants.PERMISSION_GROUP_UNKNOWN, com.baseflow.permissionhandler.PermissionConstants.PERMISSION_GROUP_BLUETOOTH, com.baseflow.permissionhandler.PermissionConstants.PERMISSION_GROUP_MANAGE_EXTERNAL_STORAGE, com.baseflow.permissionhandler.PermissionConstants.PERMISSION_GROUP_SYSTEM_ALERT_WINDOW, com.baseflow.permissionhandler.PermissionConstants.PERMISSION_GROUP_REQUEST_INSTALL_PACKAGES, com.baseflow.permissionhandler.PermissionConstants.PERMISSION_GROUP_ACCESS_NOTIFICATION_POLICY, com.baseflow.permissionhandler.PermissionConstants.PERMISSION_GROUP_BLUETOOTH_SCAN, com.baseflow.permissionhandler.PermissionConstants.PERMISSION_GROUP_BLUETOOTH_ADVERTISE, com.baseflow.permissionhandler.PermissionConstants.PERMISSION_GROUP_BLUETOOTH_CONNECT, com.baseflow.permissionhandler.PermissionConstants.PERMISSION_GROUP_NEARBY_WIFI_DEVICES, com.baseflow.permissionhandler.PermissionConstants.PERMISSION_GROUP_VIDEOS, com.baseflow.permissionhandler.PermissionConstants.PERMISSION_GROUP_AUDIO, com.baseflow.permissionhandler.PermissionConstants.PERMISSION_GROUP_SCHEDULE_EXACT_ALARM}" />
    </annotation>
  </item>
  <item name="com.baseflow.permissionhandler.PermissionUtils void updatePermissionShouldShowStatus(android.app.Activity, int) 1">
    <annotation name="androidx.annotation.IntDef">
      <val name="value" val="{com.baseflow.permissionhandler.PermissionConstants.PERMISSION_GROUP_CALENDAR, com.baseflow.permissionhandler.PermissionConstants.PERMISSION_GROUP_CAMERA, com.baseflow.permissionhandler.PermissionConstants.PERMISSION_GROUP_CONTACTS, com.baseflow.permissionhandler.PermissionConstants.PERMISSION_GROUP_LOCATION, com.baseflow.permissionhandler.PermissionConstants.PERMISSION_GROUP_LOCATION_ALWAYS, com.baseflow.permissionhandler.PermissionConstants.PERMISSION_GROUP_LOCATION_WHEN_IN_USE, com.baseflow.permissionhandler.PermissionConstants.PERMISSION_GROUP_MEDIA_LIBRARY, com.baseflow.permissionhandler.PermissionConstants.PERMISSION_GROUP_MICROPHONE, com.baseflow.permissionhandler.PermissionConstants.PERMISSION_GROUP_PHONE, com.baseflow.permissionhandler.PermissionConstants.PERMISSION_GROUP_PHOTOS, com.baseflow.permissionhandler.PermissionConstants.PERMISSION_GROUP_REMINDERS, com.baseflow.permissionhandler.PermissionConstants.PERMISSION_GROUP_SENSORS, com.baseflow.permissionhandler.PermissionConstants.PERMISSION_GROUP_SENSORS_ALWAYS, com.baseflow.permissionhandler.PermissionConstants.PERMISSION_GROUP_SMS, com.baseflow.permissionhandler.PermissionConstants.PERMISSION_GROUP_SPEECH, com.baseflow.permissionhandler.PermissionConstants.PERMISSION_GROUP_STORAGE, com.baseflow.permissionhandler.PermissionConstants.PERMISSION_GROUP_IGNORE_BATTERY_OPTIMIZATIONS, com.baseflow.permissionhandler.PermissionConstants.PERMISSION_GROUP_NOTIFICATION, com.baseflow.permissionhandler.PermissionConstants.PERMISSION_GROUP_ACCESS_MEDIA_LOCATION, com.baseflow.permissionhandler.PermissionConstants.PERMISSION_GROUP_ACTIVITY_RECOGNITION, com.baseflow.permissionhandler.PermissionConstants.PERMISSION_GROUP_UNKNOWN, com.baseflow.permissionhandler.PermissionConstants.PERMISSION_GROUP_BLUETOOTH, com.baseflow.permissionhandler.PermissionConstants.PERMISSION_GROUP_MANAGE_EXTERNAL_STORAGE, com.baseflow.permissionhandler.PermissionConstants.PERMISSION_GROUP_SYSTEM_ALERT_WINDOW, com.baseflow.permissionhandler.PermissionConstants.PERMISSION_GROUP_REQUEST_INSTALL_PACKAGES, com.baseflow.permissionhandler.PermissionConstants.PERMISSION_GROUP_ACCESS_NOTIFICATION_POLICY, com.baseflow.permissionhandler.PermissionConstants.PERMISSION_GROUP_BLUETOOTH_SCAN, com.baseflow.permissionhandler.PermissionConstants.PERMISSION_GROUP_BLUETOOTH_ADVERTISE, com.baseflow.permissionhandler.PermissionConstants.PERMISSION_GROUP_BLUETOOTH_CONNECT, com.baseflow.permissionhandler.PermissionConstants.PERMISSION_GROUP_NEARBY_WIFI_DEVICES, com.baseflow.permissionhandler.PermissionConstants.PERMISSION_GROUP_VIDEOS, com.baseflow.permissionhandler.PermissionConstants.PERMISSION_GROUP_AUDIO, com.baseflow.permissionhandler.PermissionConstants.PERMISSION_GROUP_SCHEDULE_EXACT_ALARM}" />
    </annotation>
  </item>
  <item name="com.baseflow.permissionhandler.ServiceManager.SuccessCallback void onSuccess(int) 0">
    <annotation name="androidx.annotation.IntDef">
      <val name="value" val="{com.baseflow.permissionhandler.PermissionConstants.SERVICE_STATUS_DISABLED, com.baseflow.permissionhandler.PermissionConstants.SERVICE_STATUS_ENABLED, com.baseflow.permissionhandler.PermissionConstants.SERVICE_STATUS_NOT_APPLICABLE}" />
    </annotation>
  </item>
</root>

